{
  "0": 0.8805398054323089,
  "1": 0.7872292157138278,
  "2": 0.629471895595429,
  "3": 0.48800706818266804,
  "4": 0.44014743044882654,
  "5": 0.41498619470694753,
  "6": 0.4492698881649174,
  "7": 0.39822661283448313,
  "8": 0.3997981096102708,
  "9": 0.42848961087699833,
  "10": 0.4581983821054274,
  "11": 0.4767025323935187
}