{
  "0": {
    "mean": 4.581382751464844,
    "std": 0.6101430058479309
  },
  "1": {
    "mean": 4.041152000427246,
    "std": 0.6190294027328491
  },
  "2": {
    "mean": 4.915627479553223,
    "std": 1.1163538694381714
  },
  "3": {
    "mean": 6.293612003326416,
    "std": 1.5768392086029053
  },
  "4": {
    "mean": 7.223752498626709,
    "std": 1.5771048069000244
  },
  "5": {
    "mean": 9.265592575073242,
    "std": 2.5816917419433594
  },
  "6": {
    "mean": 13.463414192199707,
    "std": 3.067176103591919
  },
  "7": {
    "mean": 16.541624069213867,
    "std": 3.79994797706604
  },
  "8": {
    "mean": 22.728450775146484,
    "std": 4.5041632652282715
  },
  "9": {
    "mean": 33.31100845336914,
    "std": 7.01531982421875
  },
  "10": {
    "mean": 48.87017059326172,
    "std": 10.049373626708984
  },
  "11": {
    "mean": 72.91519165039062,
    "std": 12.349832534790039
  }
}