{
  "0": {
    "mean": 3.632466173171997,
    "std": 0.5426342692935294,
    "per_pair": [
      2.9814956188201904,
      2.9111075401306152,
      3.2034759521484375,
      2.782902240753174,
      4.051392555236816,
      3.9436097145080566,
      3.317807912826538,
      3.4969241619110107,
      3.6750245094299316,
      4.4241461753845215,
      4.223714351654053,
      4.8658270835876465,
      3.9845962524414062,
      3.5535471439361572,
      3.68967866897583,
      4.171823978424072,
      3.5934805870056152,
      3.026871919631958,
      3.7119863033294678,
      3.0399107933044434
    ]
  },
  "1": {
    "mean": 3.2632363557815554,
    "std": 0.4706812279006388,
    "per_pair": [
      2.82547664642334,
      2.671623468399048,
      4.440503120422363,
      2.7557263374328613,
      3.2784740924835205,
      3.3498165607452393,
      3.007845878601074,
      3.0825371742248535,
      2.9755191802978516,
      3.44588565826416,
      3.335613965988159,
      4.1761794090271,
      3.347205638885498,
      3.243635892868042,
      3.1773550510406494,
      3.2559802532196045,
      4.052173614501953,
      2.7401347160339355,
      3.355358362197876,
      2.7476820945739746
    ]
  },
  "2": {
    "mean": 4.313906562328339,
    "std": 0.8260494120866945,
    "per_pair": [
      4.176592826843262,
      4.082246780395508,
      6.582240581512451,
      3.609187364578247,
      3.686448335647583,
      4.140576362609863,
      4.140420913696289,
      4.816893100738525,
      2.835908889770508,
      4.289308071136475,
      3.8115530014038086,
      5.017652988433838,
      3.713139533996582,
      4.716920375823975,
      4.605405330657959,
      3.6693472862243652,
      5.8913254737854,
      3.810030937194824,
      4.854152202606201,
      3.8287808895111084
    ]
  },
  "3": {
    "mean": 6.722891008853912,
    "std": 2.0962800086818576,
    "per_pair": [
      4.652767181396484,
      10.242586135864258,
      10.388494491577148,
      7.350001811981201,
      4.0675272941589355,
      7.249009609222412,
      8.254498481750488,
      6.258095741271973,
      3.1433145999908447,
      6.090137958526611,
      6.0450639724731445,
      5.814000606536865,
      4.123996734619141,
      7.65700101852417,
      7.299861431121826,
      4.523972988128662,
      8.685656547546387,
      10.523700714111328,
      6.744126796722412,
      5.344006061553955
    ]
  },
  "4": {
    "mean": 7.509154963493347,
    "std": 1.9483650123664569,
    "per_pair": [
      5.30003023147583,
      10.343160629272461,
      11.00961685180664,
      7.715196132659912,
      4.665841102600098,
      8.181901931762695,
      9.798469543457031,
      6.949461936950684,
      5.530274391174316,
      6.526196479797363,
      7.211006164550781,
      6.5849385261535645,
      4.9683837890625,
      8.28385066986084,
      8.040688514709473,
      4.851833343505859,
      9.474831581115723,
      10.513160705566406,
      8.38276481628418,
      5.851491928100586
    ]
  },
  "5": {
    "mean": 11.682306742668152,
    "std": 4.111126316139199,
    "per_pair": [
      11.050066947937012,
      15.925480842590332,
      19.242277145385742,
      12.071507453918457,
      5.560252666473389,
      13.624650955200195,
      15.995806694030762,
      10.609121322631836,
      6.494125843048096,
      7.6142497062683105,
      9.820952415466309,
      7.737231254577637,
      7.421773433685303,
      14.587728500366211,
      11.906604766845703,
      5.889297962188721,
      18.092382431030273,
      15.477143287658691,
      15.612885475158691,
      8.912595748901367
    ]
  },
  "6": {
    "mean": 15.864203023910523,
    "std": 4.486829402650555,
    "per_pair": [
      12.194469451904297,
      19.227210998535156,
      24.341007232666016,
      16.454633712768555,
      9.051358222961426,
      20.13533592224121,
      19.08084487915039,
      15.783687591552734,
      10.108766555786133,
      9.426712036132812,
      16.431671142578125,
      10.693778991699219,
      14.171298027038574,
      18.8582706451416,
      17.11155128479004,
      8.54550838470459,
      20.716917037963867,
      20.066415786743164,
      20.260202407836914,
      14.624420166015625
    ]
  },
  "7": {
    "mean": 19.650967025756835,
    "std": 4.81954978338405,
    "per_pair": [
      14.728550910949707,
      21.795133590698242,
      27.124177932739258,
      19.1064453125,
      10.803099632263184,
      26.953155517578125,
      23.69857406616211,
      20.019668579101562,
      18.538774490356445,
      11.90752124786377,
      20.15943717956543,
      16.85906410217285,
      16.649250030517578,
      22.549457550048828,
      20.319557189941406,
      11.087065696716309,
      23.34739112854004,
      23.96149444580078,
      25.59958267211914,
      17.811939239501953
    ]
  },
  "8": {
    "mean": 25.19014754295349,
    "std": 6.339826070787314,
    "per_pair": [
      18.391189575195312,
      26.53837013244629,
      33.08544158935547,
      26.071420669555664,
      13.56339168548584,
      36.296897888183594,
      30.4119873046875,
      26.610342025756836,
      24.65160369873047,
      16.036184310913086,
      27.238365173339844,
      22.42302703857422,
      18.454692840576172,
      27.99177360534668,
      26.44901466369629,
      13.806764602661133,
      28.54125213623047,
      30.086658477783203,
      34.33993148803711,
      22.81464195251465
    ]
  },
  "9": {
    "mean": 34.320051765441896,
    "std": 7.570289397730961,
    "per_pair": [
      25.904541015625,
      34.87240219116211,
      42.90604019165039,
      33.07807922363281,
      21.559309005737305,
      49.048133850097656,
      37.507930755615234,
      35.02406311035156,
      40.88650894165039,
      25.441904067993164,
      39.29168701171875,
      31.50070571899414,
      25.6901798248291,
      34.50542449951172,
      34.19219207763672,
      21.116762161254883,
      39.5562744140625,
      38.72364807128906,
      46.01139831542969,
      29.583850860595703
    ]
  },
  "10": {
    "mean": 46.05999050140381,
    "std": 8.980424745541102,
    "per_pair": [
      36.69468307495117,
      47.45172882080078,
      52.28766632080078,
      48.03227996826172,
      33.0245246887207,
      62.74646759033203,
      54.70536804199219,
      46.76848220825195,
      53.789451599121094,
      34.26713943481445,
      52.044410705566406,
      40.2904167175293,
      33.39823532104492,
      43.521080017089844,
      46.63932800292969,
      32.533809661865234,
      53.01407241821289,
      49.363624572753906,
      61.349815368652344,
      39.277225494384766
    ]
  },
  "11": {
    "mean": 70.8989221572876,
    "std": 13.87206531986108,
    "per_pair": [
      55.46619415283203,
      74.89380645751953,
      76.1187973022461,
      75.32603454589844,
      49.9384765625,
      94.2081069946289,
      89.17205810546875,
      75.51677703857422,
      71.07061004638672,
      55.32050323486328,
      78.78141021728516,
      53.09050369262695,
      62.33032989501953,
      68.69224548339844,
      70.13571166992188,
      47.797630310058594,
      74.26828002929688,
      84.92168426513672,
      97.55689239501953,
      63.37239074707031
    ]
  }
}