{
  "observed_mean_cosine_sim": 0.5032155828086675,
  "p_value": 0.0,
  "null_mean": -0.0018904675264180863,
  "null_std": 0.03588953203525789
}