{
  "layer": 11,
  "original_christian_minus_baseline_cos": 0.5032155828086675,
  "null1_intra_christian_cos": -0.004668737011719864,
  "null2_intra_baseline_cos": -0.017156235850007567
}